date,genotype,short_genotype,assay_odor,concentration,Cue,B,C,D,E,EtOH,Note
1/19/21,N2 new (Dec 2020),N2,HEX,1:10,214,161,36,26,22,51,
1/19/21,N2 new (Dec 2020),,HEX-IAA,1:10,33,23,16,29,28,159,
,,,,,,,,,,,
2/9/21,N2 new (Dec 2020),,HEX,1:10,209,79,15,9,14,35,
2/9/21,N2 new (Dec 2020),,HEX-IAA,1:10,35,18,16,15,74,233,
,,,,,,,,,,,
3/2/21,N2 new (Dec 2020),,HEX,1:10,166,168,23,15,14,14,
3/2/21,N2 new (Dec 2020),,HEX-IAA,1:10,151,40,13,17,43,235,
,,,,,,,,,,,
3/9/21,N2 new (Dec 2020),,HEX,1:10,228,41,16,3,3,4,
3/9/21,N2 new (Dec 2020),,HEX-IAA,1:10,57,21,12,25,35,102,
,,,,,,,,,,,
4/21/21,N2 new (Mar 2021),,HEX,1:10,166,36,7,5,1,12,
4/21/21,N2 new (Mar 2021),,HEX-IAA,1:10,23,10,7,15,20,181,
,,,,,,,,,,,
4/27/21,N2 new (Mar 2021),,HEX,1:10,330,113,8,4,2,13,
4/27/21,N2 new (Mar 2021),,HEX-IAA,1:10,224,25,12,14,31,325,
,,,,,,,,,,,
5/4/21,N2 new (Mar 2021),,HEX,1:10,204,126,13,7,3,0,
5/4/21,N2 new (Mar 2021),,HEX-IAA,1:10,38,52,13,7,24,132,
,,,,,,,,,,,
1/19/21,AWC-,AWC-,HEX,1:10,68,25,25,27,35,102,
1/19/21,AWC-,,HEX-IAA,1:10,32,22,35,32,57,146,
,,,,,,,,,,,
2/9/21,AWC-,,HEX,1:10,21,8,9,13,23,106,
2/9/21,AWC-,,HEX-IAA,1:10,14,15,11,18,60,262,
,,,,,,,,,,,
3/2/21,AWC-,,HEX,1:10,52,27,12,14,26,113,
3/2/21,AWC-,,HEX-IAA,1:10,12,26,12,19,32,160,
,,,,,,,,,,,
3/2/21,AWC-,,HEX,1:10,48,23,20,26,26,112,
3/2/21,AWC-,,HEX-IAA,1:10,35,23,31,18,37,156,
,,,,,,,,,,,
3/2/21,AWC-,,HEX,1:10,55,24,20,25,34,159,
3/2/21,AWC-,,HEX-IAA,1:10,33,29,26,39,52,131,
,,,,,,,,,,,
3/9/21,AWC-,,HEX,1:10,41,28,20,19,21,34,
3/9/21,AWC-,,HEX-IAA,1:10,40,26,23,30,40,129,
,,,,,,,,,,,
,,,HEX-IAA,1:10,35,22,27,31,27,112,not counted in ratio- equal # of plates were not run for each condition
,,,,,,,,,,,
4/27/21,AWC-,,HEX,1:10,82,77,28,27,60,151,
4/27/21,AWC-,,HEX-IAA,1:10,55,23,37,30,82,204,
,,,,,,,,,,,
4/27/21,AWC-,,HEX,1:10,57,23,16,24,32,110,
4/27/21,AWC-,,HEX-IAA,1:10,70,42,34,36,50,242,
,,,,,,,,,,,
4/27/21,AWC-,,HEX,1:10,63,9,21,19,31,95,
4/27/21,AWC-,,HEX-IAA,1:10,58,31,32,32,66,236,
,,,,,,,,,,,
4/27/21,AWC-,,HEX-IAA,1:10,36,13,21,25,51,164,not counted in ratio- equal # of plates were not run for each condition
,,,,,,,,,,,
5/4/21,AWC-,,HEX,1:10,45,38,20,30,27,99,
5/4/21,AWC-,,HEX-IAA,1:10,19,20,14,14,23,99,
,,,,,,,,,,,
5/4/21,AWC-,,HEX-IAA,1:10,17,12,8,25,22,112,not counted in ratio- equal # of plates were not run for each condition
,,,,,,,,,,,
3/2/21,ASH-,ASH-,HEX,1:10,69,22,9,1,0,2,
,,,HEX-IAA,1:10,43,39,15,19,17,124,
,,,,,,,,,,,
,,,HEX,1:10,148,26,16,5,4,23,
,,,HEX-IAA,1:10,59,27,15,26,26,130,
,,,,,,,,,,,
,,,HEX,1:10,221,51,22,5,5,5,
,,,HEX-IAA,1:10,105,22,14,17,37,166,
,,,,,,,,,,,
3/9/21,ASH-,,HEX,1:10,137,56,18,6,5,3,
,,,HEX-IAA,1:10,30,19,12,21,23,71,
,,,,,,,,,,,
,,,HEX,1:10,77,37,10,2,4,7,
,,,HEX-IAA,1:10,26,5,10,8,30,64,
,,,,,,,,,,,
,,,HEX,1:10,80,35,6,9,0,7,
,,,HEX-IAA,1:10,21,11,10,18,25,43,
,,,,,,,,,,,
4/27/21,ASH- (new thaw),,HEX,1:10,164,31,15,2,3,5,
,,,HEX-IAA,1:10,57,18,14,34,37,171,
,,,,,,,,,,,
,,,HEX,1:10,147,68,11,3,2,1,
,,,HEX-IAA,1:10,41,12,10,18,12,115,
,,,,,,,,,,,
,,,HEX-IAA,1:10,28,20,7,13,26,109,not counted in ratio- equal # of plates were not run for each condition
,,,,,,,,,,,
5/4/21,ASH- (new thaw),,HEX,1:10,154,59,14,5,0,1,
,,,HEX-IAA,1:10,33,45,16,22,42,119,
,,,,,,,,,,,
,,,HEX-IAA,1:10,35,16,11,30,39,144,not counted in ratio- equal # of plates were not run for each condition
,,,,,,,,,,,
4/21/21,AWC-; ASH- line 1 ,AWC-;ASH-,HEX,1:10,56,18,7,2,9,26,
,,,HEX-IAA,1:10,22,11,8,9,9,50,
,,,,,,,,,,,
,,,HEX-IAA,1:10,39,34,22,21,19,96,not counted in ratio- equal # of plates were not run for each condition
,,,,,,,,,,,
4/27/21,AWC-; ASH- line 1 ,,HEX,1:10,56,12,12,6,4,16,
,,,HEX-IAA,1:10,20,30,4,8,21,44,
,,,,,,,,,,,
,,,HEX,1:10,106,43,14,14,10,42,
,,,HEX-IAA,1:10,34,27,15,11,16,76,
,,,,,,,,,,,
,,,HEX,1:10,118,36,22,20,15,61,
,,,HEX-IAA,1:10,57,18,12,24,25,94,
,,,,,,,,,,,
,,,HEX,1:10,91,34,20,3,11,39,
,,,HEX-IAA,1:10,60,28,14,15,35,105,
,,,,,,,,,,,
5/4/21,AWC-; ASH- line 1 ,,HEX,1:10,22,23,10,8,6,18,
,,,HEX-IAA,1:10,31,36,20,16,29,83,
,,,,,,,,,,,
,,,HEX,1:10,34,32,14,8,5,26,
,,,HEX-IAA,1:10,14,17,18,19,26,83,